{
  "providers": {
    "awscloudformation": {
      "AuthRoleName": "amplify-todo-todosample-140633-authRole",
      "UnauthRoleArn": "arn:aws:iam::654044557103:role/amplify-todo-todosample-140633-unauthRole",
      "AuthRoleArn": "arn:aws:iam::654044557103:role/amplify-todo-todosample-140633-authRole",
      "Region": "us-west-2",
      "DeploymentBucketName": "amplify-todo-todosample-140633-deployment",
      "UnauthRoleName": "amplify-todo-todosample-140633-unauthRole",
      "StackName": "amplify-todo-todosample-140633",
      "StackId": "arn:aws:cloudformation:us-west-2:654044557103:stack/amplify-todo-todosample-140633/b1e1a110-efe7-11eb-97ba-02434eab5ffb",
      "AmplifyAppId": "d11h1ia7rwut27"
    }
  },
  "api": {
    "amplifyDatasource": {
      "service": "AppSync",
      "providerPlugin": "awscloudformation",
      "output": {
        "authConfig": {
          "additionalAuthenticationProviders": [],
          "defaultAuthentication": {
            "authenticationType": "API_KEY",
            "apiKeyConfig": {
              "description": "",
              "apiKeyExpirationDays": 7
            }
          }
        },
        "GraphQLAPIIdOutput": "kmaqj66ryjgk3pj7bujaxn5r7i",
        "GraphQLAPIEndpointOutput": "https://edpfm64edvcidixovtagzi4tme.appsync-api.us-west-2.amazonaws.com/graphql",
        "GraphQLAPIKeyOutput": "da2-d4seyi2dhngfxhndx3sdk254nq"
      },
      "providerMetadata": {
        "s3TemplateURL": "https://s3.amazonaws.com/amplify-todo-todosample-140633-deployment/amplify-cfn-templates/api/cloudformation-template.json",
        "logicalId": "apiamplifyDatasource"
      },
      "lastPushTimeStamp": "2021-07-28T21:09:58.274Z",
      "lastPushDirHash": "Moe8Fb0HPB9iLAoxbk8MOu8yKSo="
    }
  }
}